Date,data/created_utc,data/score,data/title,data/url
2018 05,1525444599,630,Happy May the Fourth Trolls! Take your pills. Do self care. Live to flip off the world another day. Make space mom proud &lt;3,https://media.giphy.com/media/3owzVVCtGOpiC6TNdK/giphy.gif
2017 09,1496323260,842,important,https://img.buzzfeed.com/buzzfeed-static/static/2017-05/5/15/asset/buzzfeed-prod-fastlane-02/sub-buzz-3313-1494012035-4.jpg?downsize=715:*&amp;output-format=auto&amp;output-quality=auto
2018 05,1525322819,1742,"i have trouble convincing myself of this, as a single 30y/o. Sometimes it feels like its all ive got.",https://i.redd.it/f1yyn3n8mkv01.jpg
2018 05,1525249599,5990,And it's still somehow the womans fault,https://i.redd.it/1ptj3tmladv01.jpg
2018 01,1514926193,3271,"Iceland just made it illegal to pay men more than women, and manchildren everywhere are losing it!",https://i.imgur.com/v9VRHki.gifv
2018 02,1517697895,548,MRW Uma Thurman finally breaks her silence,https://i.imgur.com/uwMeVuc.gif
2018 02,1517705619,2286,"Yes, you did, girl. Keep it going.",https://78.media.tumblr.com/720fd736ec3f9990b6b4ed9a748bb9d9/tumblr_nfq1lorimJ1rxcc0ao1_500.gif
2017 12,1512242166,623,"Today on ""Why Rape Victims Don't Come Forward"": Actor Anthony Rapp, who was molested by Kevin Spacey, is blamed for killing House of Cards as if it wasn't Spacey's fault.",https://www.msn.com/en-us/tv/news/kevin-spacey-accuser-anthony-rapp-says-hes-being-blamed-for-killing-house-of-cards/ar-BBG1G2D?ocid=spartanntp
2018 07,1530454148,8378,Hustle Status: Respected,https://i.redd.it/a6umuz7y7a711.png
2017 09,1496407807,809,"It's almost the weekend, so here's a reminder of that time seven years ago that Donald was used as a negative control for sexual attraciveness in a peer-reviewed psych paper.",http://imgur.com/a/KZQoW
2018 03,1520023534,920,MRW Reddit front page has posts about Russian trolls being involved in T_D,https://media3.giphy.com/media/Fp69iOEqSjflC/giphy.gif
2018 02,1517664023,6443,Finally someone said it.,https://i.redd.it/f9qa0eft00e01.jpg
2018 04,1522838869,8910,Best shutdown of a sexist joke,https://i.redd.it/m99n8477gvp01.jpg
2018 08,1533338984,751,"Mademoiselle Maupin was a french opera singer who stole a corpse, took vows to enter the convent where her female lover was being kept, placed the corpse in her lover's bed and lit it aflame, faking her death and taking off with her love.",https://i.redd.it/61vnpp2jqyd11.jpg
2017 12,1512149360,759,This is nice,https://i.redd.it/5ocx4rnvic101.png
2018 07,1530680974,830,Hine-nui-te-p√µ >> Venus,https://i.redd.it/ji4tojgj6v711.png
2018 01,1514912011,945,The original trolls,https://i.redd.it/7la1m09npo701.jpg
2018 03,1520061925,756,"MRW I see another girl in class wearing leggings, but her‚Äôs have actual pockets...",https://i.imgur.com/FRHBy3M.gif
2017 12,1512265050,647,"I think I look hot tonight, but my damn camera won't cooperate.",https://i.imgur.com/A4HdDqa.jpg
2018 01,1515010237,773,A little thicker... a little thicker..... Oh goddamnit,https://i.imgur.com/GejC6ZM.jpg
2018 02,1517662117,903,"Time to sharpen your teeth, Trolls",https://i.redd.it/bc0kmfm5vzd01.jpg
2018 05,1525261565,689,"Guys who ""hate makeup"" but also expect women to look naturally flawless",https://i.redd.it/u22efrpkjfv01.jpg
2018 04,1522781699,700,That IS convenient...,https://i.imgur.com/CXZE86O.png
2017 10,1506824585,691,Truth in cross-stitch,https://i.redd.it/dwqoz81fp4pz.jpg
2018 02,1517528170,1044,Why stop at 15 cats?,https://imgur.com/Z6iJKmJ
2017 10,1506818173,1198,Pockets!,https://i.imgur.com/aNjmaqp.jpg
2018 02,1517448160,2610,Troll party. Pls respond,https://i.imgur.com/svMYlDT.jpg
2018 03,1520031896,2337,Baby troll is a genius!,https://i.imgur.com/NUsbZAp.jpg
2018 02,1517758740,4451,Happy Sunday ladies! God bless (or whatever you believe üòâ),https://i.redd.it/3mzapu7gu7e01.jpg
2018 06,1527929664,858,Why has it taken me so long to learn this... It can be hard to be really adaptable.,https://i.imgur.com/PICxSWz.jpg
2017 10,1506877523,1143,"[OC] ""i love asian chicks""",https://i.redd.it/hv3slwru29pz.jpg
2017 10,1506951936,4277,Always the bridesmaid...,https://i.redd.it/2odjnxfa8fpz.jpg
2018 05,1525366154,5334,Right as usual.,https://i.redd.it/e52yyvo67ov01.jpg
2018 08,1533084398,3141,Truth,https://imgur.com/VxrdYgs
2017 10,1507067436,710,Fingerfriend,https://i.redd.it/qgpdkkzgropz.jpg
2018 07,1530666801,923,"Well, that went better than expected",https://i.imgur.com/U00zRcH.jpg
2017 10,1506990817,977,...go on,https://i.redd.it/x7i2hciwfipz.jpg
2018 02,1517594891,886,I am greatly amused. And would read/watch a series.,https://i.redd.it/pbxkfjjzaud01.jpg
2018 07,1530451050,602,HIFW trying to celebrate the holiday weekend with my family,https://i.imgur.com/gzXEKRv.jpg
2017 09,1496409749,1086,ugh the flashbacks,http://pleated-jeans.com/wp-content/uploads/2015/09/Screen-Shot-2015-09-09-at-5.05.02-PM.jpg
2018 05,1525140949,800,Good riddance,https://i.redd.it/9sdfq8zdj2v01.jpg
2018 08,1533335232,1003,What‚Äôs in your pants?,https://i.redd.it/vf58sqhdfyd11.jpg
2018 06,1528058388,804,"When men tell me to ""cover up""",https://i.redd.it/tg1jneujku111.gif
2018 07,1530433959,764,Adelaide Uni is offering a Master‚Äôs in Mansplaining,https://i.imgur.com/moH6fmI.jpg
2018 07,1530550543,945,The University of Well Actually,https://i.redd.it/7x85g630fk711.jpg
2018 06,1527877234,1066,Probably not far from the truth.,https://i.redd.it/0vrj47uxlf111.jpg
2018 05,1525138330,3537,It's obscene!,https://i.pinimg.com/originals/e7/bb/63/e7bb63230199bf45f7cec49732c35fc3.jpg
2018 07,1530669806,1379,Men can‚Äôt have skin,https://i.redd.it/k4ckipyo9u711.jpg
2018 04,1522718470,3589,TFW you read a comment on tumblr that exactly sums up what you've always thought,https://i.redd.it/gqf0igy9wkp01.jpg
2017 11,1509578787,2093,"Get him, girls",https://imgur.com/Yo93Pin
2018 06,1527940132,5647,"I mean, I deserve at LEAST that...",https://i.redd.it/s8lyrfyysk111.jpg
2018 03,1520059809,1682,Oh Jared...,https://i.redd.it/vn2c56anwhj01.png
2018 04,1522717723,574,"Looking forward to my ""summer body"" emerging in all its glory.",https://i.redd.it/tbz8g09xpkp01.jpg
2018 07,1530559456,1666,"It's OK- they can be poor, homeless, put in cages and abused once they're born. We only care about cells.",https://i.redd.it/mikrvu7k5l711.jpg
2017 10,1506955101,1310,I feel called out by this newspaper from 1907,https://i.redd.it/zzcftcrahfpz.jpg
2018 05,1525143291,610,"I made this GIF to send to time wasting asshats, and I thought TrollX might enjoy it, too!",https://gfycat.com/SinfulGivingBantamrooster
2017 10,1506908315,847,I imagine it's how dolphins feel when they glide through the water.,https://imgur.com/UJVhPPG
2017 09,1496406022,1117,"Ladies, I found this in an AskReddit thread and thought I would share it with you because I have been laughing for the past 40 minutes. Enjoy.",http://imgur.com/1gtkm2a
2017 12,1512151488,1644,Accurate.,https://i.redd.it/wahzolp6pc101.jpg
2018 08,1533250805,1523,Wine drunk troll,https://i.redd.it/qpu2j0fagrd11.png
2018 05,1525291107,738,Males everywhere are whining like snowflakes about the Boy Scout‚Äôs name change. Masculinity so fragile...,https://i.redd.it/nzr2kc420iv01.jpg
2018 05,1525185726,1492,Saw this in r/niceguys and thought it belonged here too.,https://i.redd.it/a7ddywcpa9v01.jpg
2017 12,1512235066,998,I love passive aggressive embroidery.,https://i.redd.it/2cosx0zmlj101.jpg
2018 06,1527965163,596,When you take off the last pad for this period and your undies feel amazingly comfy and not at all like a diaper,https://giphy.com/gifs/heyduggee-l41JNu0Dacxm0qBfq
2018 02,1517632942,3346,Explains a lot.,https://imgur.com/XGAfOLV
2018 07,1530523874,593,Holy shit Nanette. Hannah Gadsby is amazing. Can we talk about Nanette for a bit?,https://78.media.tumblr.com/6413fd3acbad419c9658e13ba060aa1d/tumblr_paqxi1YTTY1x0bvwko1_540.gif
2018 07,1530546071,6211,Ayyy where my fellow depressed trolls at?,https://i.redd.it/k94lgtkr1k711.jpg
2018 05,1525134358,1508,When you're MRA and finally get your rights,https://i.redd.it/pgxnongx15v01.png
2018 03,1519910692,1074,Don't tell me what to believe,https://i.imgur.com/Ngi0UbL.jpg
2017 11,1509585392,1343,Worst feeling ever,https://imgur.com/TG5utON
2017 10,1506962948,578,"It's fall, y'all!",https://i.redd.it/kymnn8g05gpz.jpg
2017 10,1506873435,4096,Too bad she doesn't like you.,https://i.imgur.com/kBmIjrm.jpg
2017 12,1512333141,1747,Sometimes facebook brings me gold.,https://i.redd.it/x29mq109pr101.jpg
2017 11,1509634188,640,Snap back to reality,https://imgur.com/AH84Dgk
2018 01,1514991487,1361,Advice,https://i.redd.it/lq8920wz9v701.jpg
2018 03,1520049567,1279,The conclusion we've all been waiting for,https://i.redd.it/1ural9c22hj01.png
2018 01,1514781521,621,When you are fifth wheeling New Years...,https://i.imgur.com/79mDoBK.jpg
2017 11,1509681348,510,His face when you try to explain that you didn't cum but it was still fun,https://i.redd.it/j8dczl88oovz.gif
2017 09,1496323290,2543,this is actually cute as hell ok,https://img.buzzfeed.com/buzzfeed-static/static/2017-05/5/16/asset/buzzfeed-prod-fastlane-01/sub-buzz-18421-1494016762-18.jpg?downsize=715:*&amp;output-format=auto&amp;output-quality=auto
2018 05,1525436551,5823,Reminder for Cinco de Mayo tomorrow!,https://i.redd.it/chj9jmfh0uv01.jpg
2018 08,1533248792,3890,HIF at the end of some days,https://imgur.com/RA8GNc1.jpg
2018 01,1514863126,2552,"Trolls, I know it's a clich√© to start the new year with goals to eat healthy and hit the gym, but my friends and I have the ultimate motivation.",https://imgur.com/9JtvRGW
2018 08,1533108433,527,"I‚Äôm sure some of you ladies can relate. (Also, the comments in the original thread are amazing, slugs lmfao)",https://i.redd.it/50apu2r2mdd11.jpg
2017 12,1512242633,842,me_irl,https://i.imgur.com/rETJg8N.gif
2017 09,1496335777,826,MRW someone tells me that once I have a son I'll stop with the feminism b/s because I'll want him to also have equal rights. I have a son...,http://i.imgur.com/EQtCBPJ.jpg
2017 12,1512325430,670,I felt like you all would appreciate this. (Xpost from r/webcomics),https://imgur.com/gallery/4uND9
2017 11,1509719477,3482,What kind of fucked-up society,https://i.redd.it/833l8u6ktrvz.png
2017 12,1512337529,550,SNL-Welcome to Hell,https://www.youtube.com/watch?v=1l26UFQ06eQ
2018 06,1527908536,1104,Too relatable.,https://i.redd.it/k8oauqyr6i111.jpg
2018 06,1528047019,1763,You're Bisexual?,https://i.redd.it/kbpnwehqmt111.png
2018 07,1530655725,831,My wife sent this to me and said that the trolls would appreciate it.,https://i.redd.it/yytx9mdt3t711.jpg
2018 04,1522784109,586,"A beautiful love story, featuring pizza (xpost /r/bettereveryloop)",https://i.imgur.com/mI1okr8.gifv
2018 06,1527898470,3515,Too real,https://i.redd.it/o9lt1gj2dh111.jpg
2018 04,1522703199,1575,Why are men these days so slutty?,https://i.redd.it/t86ufymzijp01.jpg
2017 09,1496323227,768,destroying toxic masculinity one witty retort at a time,https://img.buzzfeed.com/buzzfeed-static/static/2017-05/5/15/asset/buzzfeed-prod-fastlane-02/sub-buzz-4382-1494012948-1.jpg?downsize=715:*&amp;output-format=auto&amp;output-quality=auto
2017 11,1509579507,704,"It's that time of year again, Trolls!",https://i.redd.it/32f9qope9gvz.jpg
2018 03,1519982672,2706,Darn Vapers.,https://imgur.com/gallery/HU8no
2017 09,1496317663,4937,Talk about difference in priorities,https://imgur.com/hitNHBi
2018 03,1519907376,1019,Only case when this comment is acceptable,https://i.imgur.com/midUnLv.jpg
2018 04,1522856335,505,It's my last day at work -- better turn on automatic replies!,https://i.redd.it/i3hqd7abvwp01.jpg
2018 07,1530633018,1619,"MRW I, as an American, get a voicemail from a client in the UK who says ""Please call me back next week, I realize you probably have all this week off for your 4th of July holidays.""",http://i.kym-cdn.com/photos/images/newsfeed/000/411/964/9b5.jpg
2017 11,1509625748,949,We don‚Äôt deserve animals.,https://i.redd.it/uorv878t2kvz.jpg
2018 04,1522758287,6526,Yes! So much this!,https://i.redd.it/myltg7b4sop01.jpg
2018 04,1522646678,2212,Truth,https://i.redd.it/pd6tw6upkfp01.jpg
2018 06,1527990768,4816,Yeah so this pretty much describes me.,https://i.redd.it/dj92qe8jzo111.png
2018 03,1520024767,1020,Know the difference,https://i.redd.it/o72tc9zi0fj01.jpg
2018 06,1527861942,754,when I think about how much I love you beautiful trolls,https://i.imgur.com/Zn600Wh.gifv
2018 08,1533263040,937,Cheers to Equal Pay Day!,https://i.redd.it/pgsh56bpgsd11.jpg
2017 11,1509546110,1491,"but no, they think that we are only victimizing ourselves and that we are all ""feminazis""",https://i.redd.it/jj4tw553idvz.jpg
2018 05,1525318849,878,This made me so happy-sad.,https://i.redd.it/w0he1m1h2jv01.jpg
2017 11,1509558833,595,Today on... UNNECESSARILY GENDERED!,https://i.redd.it/unur2gbxjevz.jpg
2018 07,1530661648,1351,This woman right here,https://i.redd.it/xsnonx5clt711.jpg
2018 07,1530583289,7297,"I always really liked Terry Crews, but my admiration grows daily",https://i.redd.it/ckgmpknf4n711.jpg
2018 08,1533326857,757,"Just a lil shout out to all the angry, bitter dudes creeping on this sub:",https://i.redd.it/0tsv10z5qxd11.gif
2017 11,1509596775,949,Important as hell,https://i.redd.it/80972bxqohvz.jpg
2018 03,1520064357,555,"Can we please take a moment to talk about the new Queer Eye? How it is so positive and uplifting and about being your best possible self! Trolls, I'm literally crying",https://img.buzzfeed.com/buzzfeed-static/static/2018-02/28/7/asset/buzzfeed-prod-fastlane-03/anigif_sub-buzz-27820-1519820557-15.gif
2018 04,1522680157,6036,Preach!,https://i.redd.it/x2rs7ukn9ip01.jpg
2017 11,1509575147,887,"dear romance writers your heroes don‚Äôt have to be asshole, abusive millionaire /billionaires that behave in abusive ways to the heroine. it‚Äôs not chemistry/sexual tension. please stop.",https://78.media.tumblr.com/b7947e13bf58653cfe5e039e59978b69/tumblr_oy6zpbnEod1w7iej4o2_400.gif
2018 03,1519911844,5657,That makes perfect sense.,https://i.redd.it/fhrh1tdio5j01.jpg
2018 07,1530502334,2701,Mic Drop: Facebook Edition,https://i.redd.it/mtxg6rgpfg711.jpg
2018 05,1525468759,4486,Real talk though,https://imgur.com/PZH7TuW
2017 09,1496408072,504,"Before lawmakers would be able to vote on reproductive rights bills, they should have to go through this first",https://imgur.com/Bqdh5lx
2018 03,1520038656,2265,#TrueFact,https://i.redd.it/ln3ucjss5gj01.jpg
2017 11,1509540717,3955,Write this shit down again and again.,https://i.redd.it/lvc488d22dvz.jpg
2017 11,1509632705,538,"Well, Trolls, my 6 year abusive relationship is finally over. Everyone said I would feel relieved but all I feel is immense pain. Can we have a girl huddle and share our stories of overcoming and enduring? &lt;3",https://i.pinimg.com/originals/9f/77/6f/9f776f24230926459302455c25acf956.jpg
2017 11,1509580460,724,"Third consecutive day of hitting my 1350 calorie goal! I bought myself ‚ÄúTurtles All The Way Down‚Äù and am winding down for the day reading. Trolls, I‚Äôve come a long way from a month ago when I was self medicating my anxiety with a bottle of wine every night!",https://i.redd.it/d7d992p8cgvz.jpg
2018 02,1517601803,606,Trolls! I got my new green card today. I am now officially a girl named Hannah to the US government!,https://media0.giphy.com/media/WUq1cg9K7uzHa/giphy.gif
2018 06,1527972531,842,I've been in a funk for a few months but it's turning around because I GOT INTO LIBRARY SCHOOL!!!! I'm going to become a troll librarian! I'm so excited!,https://78.media.tumblr.com/9c91d423046ddbcc441fc42bb8885762/tumblr_mvno89b6Al1qln00oo1_500.gif
2017 12,1512347005,575,"MRW My offer was accepted!! I'm gonna be a homeowner, ya'll!!!",https://media.giphy.com/media/pXiDT8K1gvei4/source.gif
2017 11,1509568766,689,"MRW my boyfriend has been gone for 3 weeks into his 3.5 month deployment and I‚Äôm cooking for myself, keeping the pets alive and coping a lot better than I expected. I still miss him but it‚Äôs not debilitating.",https://media.giphy.com/media/13iGMRE2JKHQ3e/giphy.gif
2018 01,1514906125,2834,"Trolls, today is the most important day of my year, better than my birthday and Christmas combined. Today, I am five years sober.",https://giphy.com/gifs/woman-weekend-wonder-e1BxgoFxAOmbK
2017 09,1496413859,1024,"Trolls! I just got my fixed computer back from Best Buy. I complained to the manager about a Geek Squad employee making passes at me, and he's now been suspended and will get relocated! And they knocked $50 off my repair!! Ladies, stand up for yourselves! Change can happen!",https://fsmedia.imgix.net/1e/49/b9/33/6164/4047/9cf5/d7ae75fb7f5d/tumblroepa7ikwdu1rey868o1250gif.gif?rect=0%2C8%2C245%2C184&amp;auto=format%2Ccompress&amp;w=375&amp;gifq=35
2018 01,1515099386,586,MR(again)W I hit 170% of my sales goal last quarter and they just released our commission amounts.,https://i.imgur.com/q3ldVvN.jpg
2018 02,1517541787,1586,"After waiting four years to be fairly compensated, I got a raise and an unexpected bonus. I'm not materialistic but it has been a dream of mine to buy a pair of red bottoms. So I did!",https://giphy.com/gifs/pixel-transparent-sexy-kfYXmt0afsVfG
2018 04,1522748731,1568,maybe she's born with it maybe it's chronic fatigue,https://i.redd.it/yiykq7rwznp01.jpg
2017 09,1496419592,1371,Donated to Planned Parenthood in the name of an anti choice friend after she compared getting federal aid to giving money to a drug addict.,https://i.imgur.com/j5Yebc5.jpg
2017 11,1509584509,1094,MRW I had a particularly brutal day and my 4 y/o (who also had a bad day) tells me I made his day better by being home,https://imgur.com/jXSuSHW
2017 10,1506902393,2706,MRW I finally bite into a salad after a week of junk food,https://i.redd.it/q5452szy4bpz.jpg
2017 09,1496419210,525,"MRW I see IRL friends post images on Facebook that are hot on TrollX... I see you, girl ;)",https://media.giphy.com/media/iEomNKJ8EouLC/giphy.gif
2017 09,1496419644,542,How my yoga teacher responded when the only guy in class moaned about the class flows/poses today being inspired by Wonder Woman,https://media.giphy.com/media/pLnxbpVosgjE4/giphy.gif
2017 12,1512265878,639,MRW I feel like I‚Äôm seeing hot people everywhere then realize I‚Äôm probably ovulating,https://i.imgur.com/rPNCqww.gif
2018 08,1533139821,700,"MRW my niece says to me that when a boy picks on you that means he likes you. I informed her that if a boy really likes you, he will treat you with respect &amp; be nice to you, otherwise he's just being mean, because actions speak louder than words.",https://media2.giphy.com/media/wxUticFQaqB3y/200.gif
2018 08,1533213496,5731,MRW I have a major daddy kink and my boss calls me a ‚Äògood girl‚Äô in the office.,https://i.redd.it/cw9lsoxddod11.jpg
2017 11,1509624264,723,MRW my dad suggests that maybe the reason there are so few movie roles for middle-aged women is that it's the young actresses that producers are mainly trying to sleep with,https://media.tenor.com/images/e3fe6d898e3e28e19e6e4cf3b98746be/tenor.gif
2018 01,1515009614,508,Actual footage of my coworker trying to console me after dealing with the abusive work clique,https://media.giphy.com/media/3oz8xTl6sGKbuRPDDW/giphy.gif
2018 04,1522766936,956,"And when it grows back, it can be cut again.",https://i.imgur.com/g7gYxqV.png
2018 05,1525199499,505,"MRW a troll replies ""You sound pretty fat right now."" to a comment I made 3 weeks ago supporting women and their different body shapes.",https://imgur.com/Fb1tc89
2018 03,1520086787,919,"MRW My tinder date keeps telling me how sexy I am, but adds ""and you hide it so well""",https://media.giphy.com/media/1dAherVVrP9Wo/giphy.gif
2017 12,1512167489,772,"Guy on a dating app called me a slut after I said I wasn't interested in being his sugar baby or ""taking care of his needs.""",https://imgur.com/QvqkmRr
2017 10,1506943168,600,MRW someone shames me for counting calories. Yah I know what I eat in a day. That's why I look like this.,https://i.redd.it/nyuoy9x5iepz.png
2018 08,1533193601,531,Today I was diagnosed with endometrial cancer and this was my first thought.,https://imgur.com/rScOzRS
2018 01,1514820744,5154,MRW I post a weight loss progress picture and men try to insult me by saying they still wouldn't sleep with me like their dicks were why I decided to lose 150lbs in the first place.,https://media1.giphy.com/media/AYrZHSPZXZnrO/giphy.gif
2018 01,1515089160,538,"MRW when my mother tells me stop lifting weights so a dress will fit nicely. Lol, no.",https://media.giphy.com/media/HbjJDq7NRYu1W/giphy.gif
2018 05,1525292437,603,When the guy sitting next to me at the bar gets butt hurt saying the chips and salsa delivered to me were supposed to be for him even though I sat down first and ordered first.,https://i.imgur.com/htodopG.jpg
2018 07,1530631388,5444,"Trolls, this is my cousin. I am beyond horrified üò¢üò∞üò†",https://imgur.com/XJaPSdb.jpg
2018 03,1519926334,515,"MRW the dude I have been seeing SERIOUSLY suggests tomorrow I should go to the red light district, get into a dude's car and blow them while he watches.",https://i.redd.it/z3kas2lgv6j01.gif
2018 06,1528074770,558,"Dating is terrible and I'm starting to feel like there aren't actually any guys out there I'm compatible with except the one that got away. Trolls, eeeeuuuggghhHHGGGHHGH",https://78.media.tumblr.com/22b529ca3973a311096854a57a05a76a/tumblr_n4wzsaCnHW1s0my1wo1_500.gif
2018 01,1514985702,2399,MRW my ex-boyfriend asks if we can still be FWB even though I caught him using Tinder and messaging other women when we were still dating,http://i.imgur.com/UxA2HnR.gif
2018 08,1533236851,1383,Me when my ex talks constantly about what he did wrong in our relationship &amp; the guy i am seeing constantly complains about his life,https://i.redd.it/3dudkx0uaqd11.jpg
2018 07,1530413986,534,"MRW some dude is talking about how he's slept with over 50 women and then proceeds to say ""I'd be so gross if I were a girl""",https://giphy.com/gifs/netflix-happy-lol-LwITZlxooDOCBvgQa4
2018 08,1533130036,1747,"MRW during a heated discussion about sexual harassment with my boyfriend, I give an example of how I was sexually harassed just that day, and he responds with, ‚Äúyea, but you can handle it.‚Äù",https://media2.giphy.com/media/Av72crBYNiEYo/giphy.gif
2018 04,1522615893,721,MRW a facebook-friend of mine fake-outs himself as gay for a april-fools and makes fun of closeted people being afraid of repercussions,https://media.giphy.com/media/p4yIX5BHZCkrC/giphy.gif
2018 06,1528057522,537,Welp. I'm pregnant.,https://media.giphy.com/media/d2YqoZgbqYLqo/giphy.gif
2018 04,1522611628,3173,Just saw a dude wearing a shirt saying he's looking for girls with daddy issues,https://i.redd.it/kk3di55fmcp01.png
2018 01,1515073275,1875,MRW the weather channel says we‚Äôre exiting frigid temps and into highs of 10F,https://i.redd.it/dn0hg43712801.jpg
2018 02,1517515861,770,"MRW I was elected chair of a committee I really care about, I'm so excited that I bake cookies for the meeting, and then no one shows up. I am a sad chair.",https://media.giphy.com/media/3osxYdYgd82r5Mhyk8/giphy.gif
2017 10,1507044975,525,"MRW a coworker says ""The pay gap is a myth"" in a casual group conversation I'm involved in",https://i.redd.it/isijhzktwmpz.jpg
2017 10,1506887386,792,Thought you trolls might appreciate this. I was walking to my car and I made a new friend. :),https://i.redd.it/6ag4ylq9w9pz.jpg
2018 04,1522720747,1738,Guy's on fleek,https://i.redd.it/m58niywtvkp01.jpg
2018 03,1519864431,578,"HIFW I start cutting my hair into a pixie cut, then give in to temptation and shave my head completely bald for the second time in my life.",https://i.imgur.com/fmEneua.jpg
2018 02,1517583375,4542,"One of my students, a 13 year old girl, wants to be a mechanic. MRW when my SO, who manages a shop, extends her an invitation to come in and try it out.",https://giphy.com/gifs/the-simpsons-moaning-lisa-lArQw5Z7Ejb0c
2018 01,1514898626,1288,"MRW my 5yo daughter counters ""Eat your peas"" with ""Mama, you said I get to choose with my own body. And I choose no peas!""",https://2.bp.blogspot.com/-5wWqxDx3wO0/TymxrrmuFaI/AAAAAAAAArw/JMFy6cAt8zw/s1600/Nathan-Fillion-reaction-gif.gif
2018 01,1515038011,1078,"I spent all of New Year nauseous, cold, cramping and miserable...until I too a pregnancy test and realized that I told infertility to suck it.",https://giphy.com/gifs/crying-omg-kid-3ohzdMk3uz9WSpdTvW
2018 07,1530523398,1110,South Asian trolls can relate. Everyone decides to tell you to get married. Glad my mom is one of us.,https://i.redd.it/r7ejtl5c6i711.jpg
2017 10,1506983037,925,My dog chewed the charging cord to my favorite vibrator. MRW I discover my friend has the same vibe and she offers to let me use her charging cord,https://gfycat.com/WavyEdibleKoala
2017 09,1496278499,646,"HIFW Wonder Woman is getting good reviews and I get hopeful that DC didn't mess up a movie with a female superhero lead, plus young girls and boys everywhere can have another great heroine to aspire to!",https://giphy.com/gifs/yosub-yus-yas-queen-kween-l41m5nQVvTslsRQGc
2018 02,1517452409,1155,MRW I get home and my insurance provider has shipped my BC pills to my house free of charge with $0 copay,https://media.giphy.com/media/26FLfI8Ts3AsDpp84/giphy.gif
2017 11,1509509953,696,I live in a rather poor neighbourhood so I went all out this Halloween and handed out huge Glowsticks and full sized candy bars. MRW I can hear their delighted excitement after closing the door :),https://imgur.com/a/uSevd
2018 06,1527853928,1080,"I got my wings perfect the first try, I'm wearing my favorite dress, I caught the less crowded early train to work and I won 40 dollars on a scratch off! I'm gonna kick today's ass y'all!",https://giphy.com/gifs/vspink-yes-score-woot-ZUOlQXqO0qbAI
2018 02,1517518188,858,MRW my cycle syncs up with the SUPER BLUE BLOOD MOON LUNAR ECLIPSE ü§òü§ò,https://media.giphy.com/media/hmMYO20YT50hq/giphy_s.gif
2018 01,1514817036,759,MRW I bring out my suitcase to pack for an upcoming trip abroad and my dog puts his favorite toy in the suitcase.,https://media.giphy.com/media/APcfVOIIFi4Pm/giphy.gif
2017 10,1506879998,541,"When I get home after a long day and my boyfriend has dinner and a bottle of my favourite wine ready, lit candles... and also shaved his balls.",https://gifimage.net/wp-content/uploads/2017/06/my-body-is-ready-gif-17.gif
2017 10,1506995257,2574,Trolls... this one may be a keeper,https://i.imgur.com/iOeftto.jpg
2018 04,1522805630,1380,SHE DID IT! My gf proposed and I couldn‚Äôt be happier! DANCE PARTY EVERYONE!,https://i.redd.it/t9kwmyg7psp01.jpg
2018 06,1527976977,1238,My boyfriend proposed last night VIA A DnD ONE SHOT HE CREATED!!!,https://media.giphy.com/media/xUPGcxBbe3iZrm3aE0/giphy.gif
2018 04,1522784460,552,How I feel,https://i.redd.it/95uwr8ngyqp01.jpg
2018 04,1522776682,759,MRW my usually mysoginistic dad sincerely compliments my son on being a good daddy to his stuffed animal.,https://media1.tenor.com/images/44632e93252c81fa142752e1cb333430/tenor.gif?itemid=5290414
2018 08,1533312475,932,"My boyfriend officially changed his last name to his mom‚Äôs maiden name yesterday, to ‚Äúhonor her for raising him as a single mom‚Äù. Trolls I love this man üòä",http://giphy.com/gifs/applause-wmEFhlivchtxS
2017 12,1512332905,982,"MRW my husband asks me what I want for dinner and I pretend to think before saying ""tacos""",https://i.imgur.com/7tZBtxT.gifv
2018 06,1528065098,687,"HIFW as a demisexual woman with low libido, one of the side effects of my new sleep meds is an EXTREME uptick in my desire",https://i.imgur.com/VOzgn9S.gif
2018 02,1517499108,606,"Trolls, I've been underemployed and broke since I graduated college a few years ago. MRW yesterday I was offered a great job that comes with a 10k raise!!",https://imgur.com/zs8uXgT
2018 05,1525223322,1393,"MRW my superintendent sends out a message saying he will continue to close the schools until the end of the strike, and that he supports our teachers' protest.",https://imgur.com/ZWOsmpA
2018 08,1533164017,564,raging about unsolicited dick pics: a poem,https://i.redd.it/k1lobg8v9kd11.png
2017 11,1509607648,4469,Clues things are written by a man,https://i.imgur.com/GrIoXjg.png
2018 05,1525164787,4841,Truth,https://i.redd.it/u4mscgsfk7v01.jpg
2017 12,1512227318,5449,THIS,https://i.imgur.com/0zHyhlW.jpg
2017 09,1496323358,655,yoooo,http://imgur.com/a/3TmDL
2017 12,1512196195,1240,It's really not that hard,https://i.redd.it/oblbmv94eg101.png
2018 04,1522593905,2586,MRW I see a video of a police officer ramming his car through unarmed protesters at high speed and all of the top replies are from people saying they deserved it for blocking traffic,https://giphy.com/gifs/new-girl-fox-new-girl-3o6gb2diLPyNgHdLrO
2018 08,1533306109,8171,I never realized how true this is until I read the quote.,https://i.redd.it/ir1q1qxr0wd11.jpg
2018 02,1517696432,1048,MRW Anytime I See Men on Reddit Knock Selfies,https://i.redd.it/d62qwaiyo2e01.jpg
2018 02,1517524409,925,"MR eavesdropping on these high school girls gushing about a new girl in school; ""she's so nice, and pretty, and talented!""",https://giphy.com/gifs/broad-city-comedy-central-ilana-glazer-YucHVxk7WYIc8?utm_source=media-link&amp;utm_medium=landing&amp;utm_campaign=Media%20Links&amp;utm_term=https://giphy.com/gifs/broad-city-comedy-central-ilana-glazer-YucHVxk7WYIc8.gif
2018 02,1517496691,2732,MRW my 60yo mom asks all of her Facebook friends if they consider themselves feminists,https://media2.giphy.com/media/zfuOq2rFBE7Kg/giphy.gif
2018 04,1522794961,1068,"""you should smile more""",https://i.redd.it/7ml1l8zmrrp01.jpg
2017 12,1512147616,1010,MRW I read that Flynn cut a plea deal and is likely to flip on Trump,http://2.bp.blogspot.com/-y8VAO5A0OgY/Uga_Y2rpn7I/AAAAAAAAKSo/9vPUje-Zb30/s640/DEPRESSIONTWO8.2.png
2017 10,1506906703,1203,"MRW I'm rewatching Full House and realize that Danny Tanner was 29, had 3 children, and owned a 3br house in San Francisco",https://media.tenor.com/images/ef9e385f3fdb75170c4ab3b47a59a20a/tenor.gif
2018 05,1525279273,1797,"MRW I hear Trump's doctor say he felt ""raped"" because some guys came in and took his files",https://i.imgur.com/lhy55Jz.gif
2017 12,1512321782,515,"Reading T_D console each other after their breakups over Trump, I'm like:",https://imgur.com/rCjcvH5
2017 12,1512324839,2965,"TFW you report someone for denying/ mocking rape, and he PMs you to whine about how you actually got him banned.",https://i.redd.it/6seigrto0r101.jpg
2018 08,1533190731,713,"HIFW I see a commercial featuring a father comforting his son after a break-up, yay for encouraging male emotions!",https://media.giphy.com/media/t3Mzdx0SA3Eis/giphy.gif
2017 09,1496356336,5888,Michelle Wolfe drops a (lasso of) truth bomb,https://i.redd.it/0jlmo2h4241z.jpg